PBS_len,4.2779797145915035
RTT_len,9.58095013656761
RT-PBS_len,9.770225369937926
Edit_pos,7.856330180937928
Edit_len,0.5419997466653621
RHA_len,7.1441933870009695
type_sub,0.4989395969581377
type_ins,0.45103079863979245
type_del,0.38686734024852837
Tm1_PBS,73.01700817048199
Tm2_RTT_cTarget_sameLength,32.23366468797141
Tm3_RTT_cTarget_replaced,34.15977639082166
Tm4_cDNA_PAM-oppositeTarget,79.61333468825967
Tm5_RTT_cDNA,30.731834011924576
deltaTm_Tm4-Tm2,86.99805021317079
GC_count_PBS,2.7732525503627192
GC_count_RTT,5.33836986654092
GC_count_RT-PBS,5.78118287683824
GC_contents_PBS,19.879753110769244
GC_contents_RTT,13.667914440222775
GC_contents_RT-PBS,11.724377914018946
MFE_RT-PBS-polyT,3.9928788684309544
MFE_Spacer,2.111348540438727
DeepSpCas9_score,18.133562777346093
